{"cameraMode":{"drawMode":0,"name":"Shaded","section":"Shading Mode"},"sceneLighting":false,"audioPlay":false,"sceneViewState":{"showFog":true,"showMaterialUpdate":false,"showSkybox":false,"showFlares":true,"showImageEffects":true,"showParticleSystems":true},"in2DMode":false,"pivot":{"x":233.2293701171875,"y":184.30624389648438,"z":0.0},"rotation":{"x":-0.028805995360016824,"y":0.006594705395400524,"z":-0.00019348373461980373,"w":-0.9995739459991455},"size":81.39410400390625,"orthographic":false}